<resources>
    <string name="app_name">MD Components</string>

    <!-- TODO: Remove or change this placeholder text -->
    <string name="hello_blank_fragment">Hello blank fragment</string>

    <string name="action_settings">Settings</string>

    <string name="card_chip_demo">Chip</string>
    <string name="card_message_demo_large">This is a secondary text for a card with three lines in the message.
        We can show more details about topic like specs.</string>
    <string name="card_message_demo_small">This is a secondary text for a card with two lines in the message.</string>
    <string name="card_secondary_demo">Secondary text</string>
    <string name="card_subtitle_demo">This is a subtitle</string>
    <string name="card_title_demo">This is a title</string>

    <string name="dialog_cancel">Cancelar</string>
    <string name="dialog_chooser">Elegir</string>
    <string name="dialog_confirm">Confirmar</string>
    <string name="dialog_confirm_title">¿Confirmar acción?</string>
    <string name="dialog_full_screen">Pantalla completa</string>
    <string name="dialog_info">Informativo</string>
    <string name="dialog_ok">OK</string>
    <string name="dialog_save">Save</string>

    <string name="error_price_min">El valor debe ser mayor o igual a 5.</string>

    <string name="helper_comment_optional">Comentario(opcional)</string>
    <string name="hint_capital_letter">Mayusculas</string>
    <string name="hint_password">Password</string>

    <string name="menu_favorites">Favoritos</string>
    <string name="menu_profile">Perfil</string>
    <string name="menu_start">Inicio</string>

    <string name="message_action_success">Evento ocurrió exitosamente!</string>

    <string name="status_enabled">Enabled</string>
    <string name="status_custom">Personalizado</string>
    <string name="status_default">Default</string>
    <string name="status_disabled_indeterminate">Not Indeterminate</string>
    <string name="status_disabled_selected">Disabled Selected</string>
    <string name="status_disabled">Disabled</string>
    <string name="status_enabled_indeterminate">Enabled Indeterminate</string>
    <string name="status_filled_dense">Filled Dense</string>
    <string name="status_icon_enabled">Icon</string>
    <string name="status_icon_text_enabled">Icon Text</string>
    <string name="status_legacy_style">Legacy Material Style</string>
    <string name="status_outlined_dense_enabled">Outlined Dense</string>
    <string name="status_outlined_enabled">Outlined</string>
    <string name="status_text_enabled">Text</string>
    <string name="status_unelevated_enabled">Unelevated enabled</string>

    <string name="title_activity_full">FullActivity</string>
    <string name="title_activity_scroll">ScrollActivity</string>
    <string name="title_activity_static">StaticActivity</string>
</resources>
